<?xml version="1.0"?>
<info xmlns:xsi="http://www.w3.org/2001/XMLSchema-instance"
      xsi:noNamespaceSchemaLocation="https://apps.nextcloud.com/schema/apps/info.xsd">
  <id>talkdash</id>
  <name>Talk Dashboard</name>
  <summary>Dashboard widget for Nextcloud Talk</summary>
  <description>Provides a simple dashboard widget showing recent conversations from Nextcloud Talk.</description>
  <version>1.0.0</version>
  <licence>agpl</licence>
  <author>Anand</author>
  <namespace>TalkDash</namespace>
  <category>dashboard</category>
  <dependencies>
    <nextcloud min-version="25" max-version="29"/>
  </dependencies>
</info>
